author	section	date	title	url	plethora	copious
Jerry Cornfield	news	February 9, 2022 4:00 pm	5 things Democrats didn’t say about their $17B...	https://www.mi-reporter.com/news/5-things-democrats-didnt-say-about-their-17b-transpo-plan/	0	0
Cameron Sheppard	news	February 9, 2022 2:45 pm	U.S. House passes postal service reform bill after...	https://www.mi-reporter.com/news/u-s-house-passes-postal-service-reform-bill-after-concerns-of-facility-closures-and-declining-service-standards/	0	0
	news	February 9, 2022 12:30 pm	Drill team to host clinic in March	https://www.mi-reporter.com/news/drill-team-to-host-clinic-in-march/	0	0
Andy Nystrom	news	February 8, 2022 8:20 pm	Pair of Mercer Island School District levy renewals...	https://www.mi-reporter.com/news/pair-of-mercer-island-school-district-levy-renewals-are-passing-after-early-results/	0	1
	news	February 8, 2022 1:30 pm	Passion leads to recognition	https://www.mi-reporter.com/news/passion-leads-to-recognition/	0	0
Andy Nystrom	news	February 8, 2022 1:30 pm	City council approves agenda bill regarding ARPA funds	https://www.mi-reporter.com/news/city-council-approves-agenda-bill-regarding-arpa-funds/	0	0
	news	February 8, 2022 10:30 am	Nominations are open for MIHS Pathfinder Awards	https://www.mi-reporter.com/news/nominations-are-open-for-mihs-pathfinder-awards/	0	0
Andy Nystrom	news	February 7, 2022 10:00 am	Conversations series begins with ‘Towards Inclusive Community’	https://www.mi-reporter.com/news/conversations-series-begins-with-towards-inclusive-community/	0	0
Andy Nystrom	news	February 3, 2022 2:30 pm	City council unanimously votes to adopt draft Coyote...	https://www.mi-reporter.com/news/city-council-unanimously-votes-to-adopt-draft-coyote-management-plan/	0	0
	news	February 3, 2022 10:30 am	Piazza will discuss honoring Black history with USPS...	https://www.mi-reporter.com/news/piazza-will-discuss-honoring-black-history-with-usps-stamps-at-rotary-meeting-on-feb-15/	0	0
Henry Stewart-Wood	news	February 1, 2022 11:30 am	Attorney General files lawsuit against COVID testing company	https://www.mi-reporter.com/news/attorney-general-files-lawsuit-against-covid-testing-company/	0	0
Cameron Sheppard	news	January 31, 2022 4:00 pm	Woman arrested after allegedly pulling gun on gas...	https://www.mi-reporter.com/news/woman-arrested-after-allegedly-pulling-gun-on-gas-station-employee-who-asked-her-to-wear-a-mask/	0	0
Cameron Sheppard	news	January 31, 2022 3:00 pm	After a record-breaking 2020, gun violence continues to...	https://www.mi-reporter.com/news/after-a-record-breaking-2020-gun-violence-continues-to-increase-in-king-county/	0	0
Andy Nystrom	news	January 29, 2022 8:30 am	City council to further delve into PROS Plan...	https://www.mi-reporter.com/news/city-council-to-further-delve-into-pros-plan-at-feb-15-meeting/	0	0
Andy Nystrom	news	January 28, 2022 2:30 pm	Life lessons abound during ‘Peter and the Starcatcher’...	https://www.mi-reporter.com/news/life-lessons-abound-during-peter-and-the-starcatcher-experience/	0	0
Andy Nystrom	news	January 27, 2022 4:30 pm	City launches wildlife resource page following reported coyote...	https://www.mi-reporter.com/news/city-launches-wildlife-resource-page-following-reported-coyote-activity/	0	0
Cameron Sheppard	news	January 27, 2022 1:30 pm	One of five juvenile detention center escapees apprehended	https://www.mi-reporter.com/news/one-of-five-juvenile-detention-center-escapees-apprehended/	0	0
	news	January 27, 2022 11:30 am	Shores observes Martin Luther King Jr. Day	https://www.mi-reporter.com/news/shores-observes-martin-luther-king-jr-day/	0	0
	news	January 27, 2022 10:30 am	Celebrating 20 years of MIYFS fundraising breakfasts on...	https://www.mi-reporter.com/news/celebrating-20-years-of-miyfs-fundraising-breakfasts-on-feb-9/	0	0
Andy Nystrom	news	January 26, 2022 12:30 pm	City launches Climate Action Plan community survey	https://www.mi-reporter.com/news/city-launches-climate-action-plan-community-survey/	0	0
Cameron Sheppard	news	January 26, 2022 11:30 am	King County Prosecuting Attorney’s Office testifies on behalf...	https://www.mi-reporter.com/news/king-county-prosecuting-attorneys-office-testifies-on-behalf-of-catalytic-converter-theft-bill-suggests-additional-measures/	0	0
Conor Wilson	news	January 25, 2022 1:00 pm	Local veterans face challenges with health care	https://www.mi-reporter.com/news/local-veterans-face-challenges-with-health-care/	0	0
	news	January 25, 2022 11:30 am	Playtime coming soon at Mercerdale Park	https://www.mi-reporter.com/news/playtime-coming-soon-at-mercerdale-park/	0	0
	news	January 25, 2022 10:30 am	MIHS Drama to raise the curtain on ‘Peter...	https://www.mi-reporter.com/news/mihs-drama-to-raise-the-curtain-on-peter-and-the-starcatcher/	0	0
Andy Nystrom	news	January 24, 2022 4:30 pm	MIHS students share their thoughts about attending school...	https://www.mi-reporter.com/news/mihs-students-share-their-thoughts-about-attending-school-during-the-pandemic/	0	0
Cameron Sheppard	news	January 24, 2022 1:00 pm	American Rescue Plan Act funding approved for broadband...	https://www.mi-reporter.com/news/american-rescue-plan-act-funding-approved-for-broadband-investments-in-wa-schools/	0	0
	news	January 24, 2022 8:30 am	Ng will discuss 2022 Chinese New Year at...	https://www.mi-reporter.com/news/ng-will-discuss-2022-chinese-new-year-at-rotary-meeting-on-feb-1/	0	0
Henry Stewart-Wood	news	January 22, 2022 12:16 pm	State offers free at-home COVID-19 tests	https://www.mi-reporter.com/news/state-offers-free-at-home-covid-19-tests/	0	0
	news	January 22, 2022 8:30 am	Cub scouts visit with police officers	https://www.mi-reporter.com/news/cub-scouts-visit-with-police-officers/	0	0
Steve Hunter	news	January 21, 2022 4:57 pm	Kent Democratic Sen. Mona Das proposes 1% cut...	https://www.mi-reporter.com/news/kent-democratic-sen-mona-das-proposes-1-cut-in-state-sales-tax/	0	0
	news	January 21, 2022 8:30 am	Rotary shares speech from tiny homes resident	https://www.mi-reporter.com/news/rotary-shares-speech-from-tiny-homes-resident/	0	0
Cameron Sheppard	news	January 20, 2022 2:30 pm	Non-profit sponsors study on how the pandemic impacted...	https://www.mi-reporter.com/news/non-profit-sponsors-study-on-how-the-pandemic-impacted-arts-and-culture-in-our-region/	0	0
Andy Nystrom	news	January 20, 2022 1:30 pm	CyberCycling their way to the Winter Olympics	https://www.mi-reporter.com/news/cybercycling-their-way-to-the-winter-olympics/	0	0
Reporter Staff	news	January 20, 2022 11:30 am	MISD students can receive vaccines, boosters on Jan....	https://www.mi-reporter.com/news/misd-students-can-receive-vaccines-boosters-on-jan-22-and-feb-12/	0	0
Andy Nystrom	news	January 19, 2022 5:30 pm	Challenge Success team members discuss the college admissions...	https://www.mi-reporter.com/news/challenge-success-team-members-discuss-the-college-admissions-process/	0	1
Cameron Sheppard	news	January 19, 2022 2:26 pm	WA lawmakers propose making companies responsible for recycling...	https://www.mi-reporter.com/news/wa-lawmakers-propose-making-companies-responsible-for-recycling-improvements/	0	0
Jerry Cornfield	news	January 19, 2022 2:13 pm	Inslee: Officials’ lies about election results should be...	https://www.mi-reporter.com/news/inslee-officials-lies-about-election-results-should-be-crime/	0	0
Conor Wilson	news	January 19, 2022 5:30 am	WSDOT names contractor for State Route 18 intersection...	https://www.mi-reporter.com/news/wsdot-names-contractor-for-state-route-18-intersection-project/	0	0
Andy Nystrom	news	January 18, 2022 6:00 pm	Pair of school levy renewals are on the...	https://www.mi-reporter.com/news/pair-of-school-levy-renewals-are-on-the-special-election-ballot/	0	0
	news	January 18, 2022 12:30 pm	Community conversation about diversity, equity and inclusion set...	https://www.mi-reporter.com/news/community-conversation-about-diversity-equity-and-inclusion-set-for-feb-2/	0	0
Andy Nystrom	news	January 17, 2022 7:30 am	‘It makes you feel that you’re making a...	https://www.mi-reporter.com/news/it-makes-you-feel-that-youre-making-a-difference/	0	0
	news	January 17, 2022 5:30 am	County auditor finds agencies fall short on emergency...	https://www.mi-reporter.com/news/county-auditor-finds-agencies-fall-short-on-emergency-services/	0	0
Andy Nystrom	news	January 14, 2022 3:30 pm	Search process begins for new school district superintendent	https://www.mi-reporter.com/news/search-process-begins-for-new-school-district-superintendent/	0	0
Reporter Staff	news	January 14, 2022 3:30 pm	Burglary suspects captured on resident’s video | Mercer...	https://www.mi-reporter.com/news/burglary-suspects-captured-on-residents-video-mercer-island-police-blotter/	0	0
	news	January 14, 2022 10:30 am	Reed will discuss Imagine Housing at Rotary meeting...	https://www.mi-reporter.com/news/reed-will-discuss-imagine-housing-at-rotary-meeting-on-jan-18/	0	0
Andy Nystrom	news	January 13, 2022 4:30 pm	School district to offer Zoom kindergarten information nights	https://www.mi-reporter.com/news/school-district-to-offer-zoom-kindergarten-information-nights/	0	0
Jerry Cornfield	news	January 13, 2022 2:42 pm	Surgeries paused, National Guard deployed to assist hospitals	https://www.mi-reporter.com/news/surgeries-paused-national-guard-deployed-to-assist-hospitals/	0	0
Cameron Sheppard	news	January 12, 2022 4:25 pm	Trash piles up in King County neighborhoods after...	https://www.mi-reporter.com/news/trash-piles-up-in-king-county-neighborhoods-after-agency-postpones-service-for-weeks/	0	0
Cameron Sheppard	news	January 12, 2022 2:30 pm	King County Council approves new leadership, committee structure...	https://www.mi-reporter.com/news/council-approves-new-leadership-committee-structure-and-assignments/	0	0
Cameron Sheppard	news	January 11, 2022 4:30 pm	King County’s 4Culture to offer federal relief funds...	https://www.mi-reporter.com/news/king-countys-4culture-to-offer-federal-relief-funds-to-cultural-producers-impacted-by-the-pandemic/	0	0
Andy Nystrom	news	January 11, 2022 4:30 pm	Riley Cove, it is: Mercer Island bay will...	https://www.mi-reporter.com/news/riley-cove-it-is-mercer-island-bay-will-be-named-after-world-war-ii-hero/	0	0
	news	January 11, 2022 11:30 am	Styrofoam collection event on tap for February	https://www.mi-reporter.com/news/styrofoam-collection-event-on-tap-for-february/	0	0
Cameron Sheppard	news	January 11, 2022 10:45 am	Widespread burnout among healthcare workers prompts change at...	https://www.mi-reporter.com/news/widespread-burnout-among-healthcare-workers-prompts-change-at-hospitals/	0	0
	news	January 11, 2022 8:30 am	MISD staff provides COVID-19 testing kits for students	https://www.mi-reporter.com/news/misd-staff-provides-covid-19-testing-kits-for-students/	0	0
Henry Stewart-Wood	news	January 10, 2022 12:50 pm	Washington Democrats introduce bills clarifying police reforms	https://www.mi-reporter.com/news/washington-democrats-introduce-bills-clarifying-police-reforms/	0	0
Andy Nystrom	news	January 8, 2022 8:30 am	Challenge Success team members discuss finding balance during...	https://www.mi-reporter.com/news/challenge-success-team-members-discuss-finding-balance-during-students-busy-lives/	0	0
Cameron Sheppard	news	January 8, 2022 5:30 am	Postal workers concerned about USPS consolidation, impact on...	https://www.mi-reporter.com/news/postal-workers-concerned-about-usps-consolidation-impact-on-regions-mail-delivery/	0	0
Andy Nystrom	news	January 7, 2022 7:00 pm	MISD reports 202 confirmed COVID cases over the...	https://www.mi-reporter.com/news/misd-reports-202-confirmed-covid-cases-over-the-last-two-weeks/	0	0
Andy Nystrom	news	January 7, 2022 1:30 pm	McGovern and The First Night Project lend a...	https://www.mi-reporter.com/news/mcgovern-and-the-first-night-project-lend-a-hand-with-local-blood-drive/	0	1
Cameron Sheppard	news	January 7, 2022 1:00 pm	Leesa Manion, chief of staff for the King...	https://www.mi-reporter.com/news/chief-of-staff-for-the-king-county-prosecuting-attorneys-office-leesa-manion-to-run-for-county-prosecutor/	0	0
Olivia Sullivan	news	January 7, 2022 12:42 pm	King County Prosecutor Dan Satterberg not seeking re-election	https://www.mi-reporter.com/news/king-county-prosecutor-dan-satterberg-not-seeking-re-election/	0	0
Henry Stewart-Wood	news	January 6, 2022 5:45 pm	Health care leaders declare statewide crisis, request action	https://www.mi-reporter.com/news/health-care-leaders-declare-statewide-crisis-request-action/	0	0
Reporter Staff	news	January 6, 2022 9:30 am	Police report that a person was robbed at...	https://www.mi-reporter.com/news/police-report-that-a-person-was-robbed-at-an-atm-on-christmas-day-mercer-island-police-blotter/	0	0
	news	January 6, 2022 8:30 am	Rotarians help the homeless	https://www.mi-reporter.com/news/rotarians-help-the-homeless/	0	0
	news	January 5, 2022 5:43 pm	Extended 5-day weather forecast for King County	https://www.mi-reporter.com/news/extended-5-day-weather-forecast-for-king-county/	0	0
	news	January 5, 2022 1:30 pm	Public Works crews tackle copious tasks during snow...	https://www.mi-reporter.com/news/public-works-crews-tackle-copious-tasks-during-snow-storm/	0	0
Andy Nystrom	news	January 4, 2022 6:00 pm	City council elects Nice as new mayor	https://www.mi-reporter.com/news/city-council-elects-nice-as-new-mayor/	0	0
	news	January 4, 2022 2:00 pm	Welcome aboard	https://www.mi-reporter.com/news/welcome-aboard/	0	0
	news	January 4, 2022 1:30 pm	Recology, city open community drop-off collection site this...	https://www.mi-reporter.com/news/recology-city-open-community-drop-off-collection-site-this-week/	0	0
Andy Nystrom	news	January 4, 2022 1:00 pm	City kicks off new year by fully reopening...	https://www.mi-reporter.com/news/city-reopens-community-and-event-center/	0	0
	news	January 4, 2022 9:30 am	MISD switches schools operations to three-hour delay today	https://www.mi-reporter.com/news/misd-switches-schools-operations-to-three-hour-delay-today/	0	0
Hannah Saunders	news	January 3, 2022 2:48 pm	Mercer Island native composes second symphony with Armenian...	https://www.mi-reporter.com/news/mercer-island-native-composes-second-symphony-with-armenian-roots/	0	0
Andy Nystrom	news	January 3, 2022 1:30 pm	Mercer Island City Council will elect new mayor...	https://www.mi-reporter.com/news/mercer-island-city-council-will-elect-new-mayor-at-tuesdays-meeting/	0	0
Jerry Cornfield	news	January 3, 2022 11:30 am	New laws bring changes to minimum wage, plastic...	https://www.mi-reporter.com/news/new-laws-bring-changes-to-minimum-wage-plastic-silverware-voting-rights-for-felons/	0	0
	news	January 3, 2022 8:30 am	District accepting nominations for MIHS 2022 Pathfinder Alumni...	https://www.mi-reporter.com/news/district-accepting-nominations-for-mihs-2022-pathfinder-alumni-awards/	0	0
	news	January 3, 2022 8:30 am	Community appreciates its police officers	https://www.mi-reporter.com/news/community-appreciates-its-police-officers/	0	0
	news	January 3, 2022 8:20 am	MISD schools will operate on a two-hour delay...	https://www.mi-reporter.com/news/misd-schools-will-operate-on-a-two-hour-delay-today/	0	0
Jerry Cornfield	news	January 2, 2022 3:55 pm	Legal fight on redistricting returning to the Supreme...	https://www.mi-reporter.com/news/legal-fight-on-redistricting-returning-to-the-supreme-court/	0	0
Cameron Sheppard	news	December 30, 2021 3:00 pm	Washington part of multi-state E. coli outbreak linked...	https://www.mi-reporter.com/news/washington-part-of-multi-state-e-coli-outbreak-linked-to-packaged-salads/	0	0
Henry Stewart-Wood	news	December 29, 2021 3:10 pm	King County scientists work to save chinook salmon	https://www.mi-reporter.com/news/king-county-scientists-work-to-save-chinook-salmon/	0	0
Henry Stewart-Wood	news	December 29, 2021 10:30 am	COVID-19 cases surge over Christmas weekend in King...	https://www.mi-reporter.com/news/covid-19-cases-surge-over-christmas-weekend-in-king-county/	0	0
Andy Nystrom	news	December 29, 2021 9:10 am	Mercer Island 2021: A year in review	https://www.mi-reporter.com/news/mercer-island-2021-a-year-in-review/	0	0
	news	December 29, 2021 1:30 am	Extended weather forecast for South King County, Dec....	https://www.mi-reporter.com/news/extended-weather-forecast-for-south-king-county-dec-29-to-jan-3/	0	0
Reporter Staff	news	December 27, 2021 2:00 pm	More snow expected this week in Mercer Island...	https://www.mi-reporter.com/news/more-snow-expected-this-week-in-mercer-island-and-king-county/	0	0
	news	December 26, 2021 8:30 am	Recology will collect holiday trees	https://www.mi-reporter.com/news/recology-will-collect-holiday-trees/	0	0
Reporter Staff	news	December 23, 2021 12:30 pm	The Grinch who stole holiday lawn decor |...	https://www.mi-reporter.com/news/the-grinch-who-stole-holiday-lawn-decor-mercer-island-police-blotter/	0	0
Cameron Sheppard	news	December 22, 2021 10:20 am	King County to skip annual homeless count again,...	https://www.mi-reporter.com/news/king-county-to-skip-annual-homeless-count-again-citing-faulty-methodology/	0	0
Andy Nystrom	news	December 22, 2021 8:30 am	West Mercer students support The Ocean Cleanup Project...	https://www.mi-reporter.com/news/west-mercer-students-support-the-ocean-cleanup-project-at-market-place/	0	1
Andy Nystrom	news	December 21, 2021 12:30 pm	Mercer Island Police Department receives reaccreditation	https://www.mi-reporter.com/news/mercer-island-police-department-receives-reaccreditation/	0	0
Conor Wilson	news	December 20, 2021 12:40 pm	State legislators unsure if federal infrastructure law will...	https://www.mi-reporter.com/news/state-legislators-unsure-if-federal-infrastructure-law-will-help-highway-18/	0	0
Reporter Staff	news	December 20, 2021 11:30 am	Porter and Yeh are Rotary Islanders of the...	https://www.mi-reporter.com/news/porter-and-yeh-are-rotary-islanders-of-the-month/	0	0
	news	December 20, 2021 10:30 am	MIHS Drama will present ‘Peter and the Starcatcher’	https://www.mi-reporter.com/news/mihs-drama-will-present-peter-and-the-starcatcher/	0	0
Cameron Sheppard	news	December 17, 2021 4:00 pm	Pfizer, Moderna vaccines now recommended over Johnson &...	https://www.mi-reporter.com/news/pfizer-moderna-vaccines-now-recommended-over-johnson-johnson/	0	0
Andy Nystrom	news	December 17, 2021 2:30 pm	Eight people associated with the MIHS wrestling program...	https://www.mi-reporter.com/news/eight-people-associated-with-the-mihs-wrestling-program-test-positive-for-covid-19/	0	0
	news	December 17, 2021 8:30 am	Singing in the park	https://www.mi-reporter.com/news/singing-in-the-park/	0	0
Andy Nystrom	news	December 16, 2021 4:30 pm	Legislators participate in discussions on local and regional...	https://www.mi-reporter.com/news/legislators-participate-in-discussions-on-local-and-regional-issues/	0	0
Cameron Sheppard	news	December 16, 2021 4:00 pm	UW researchers looking for stressed nurses and doctors...	https://www.mi-reporter.com/news/uw-researchers-looking-for-stressed-nurses-and-doctors-to-take-part-in-a-psilocybin-study/	0	0
Reporter Staff	news	December 16, 2021 9:30 am	Suspects purchase electronics with counterfeit money | Mercer...	https://www.mi-reporter.com/news/suspects-purchase-electronics-with-counterfeit-money-mercer-island-police-blotter/	0	0
Andy Nystrom	news	December 15, 2021 5:30 pm	‘Photos are something you can keep forever’	https://www.mi-reporter.com/news/photos-are-something-you-can-keep-forever/	1	0
Cameron Sheppard	news	December 15, 2021 11:30 am	Health department: COVID outbreaks linked to high school...	https://www.mi-reporter.com/news/doh-says-several-outbreaks-tied-to-high-school-wrestling-tournaments-on-dec-4/	0	0
Cameron Sheppard	news	December 14, 2021 4:30 pm	King County close to making trade with Seattle...	https://www.mi-reporter.com/news/king-county-close-to-making-trade-with-seattle-for-city-hall-park/	0	0
Andy Nystrom	news	December 14, 2021 3:30 pm	City will expand community center hours and operations...	https://www.mi-reporter.com/news/city-will-expand-community-center-hours-and-operations-in-january/	0	0
	news	December 14, 2021 8:30 am	Local Eagle Scouts give back to the community	https://www.mi-reporter.com/news/local-eagle-scouts-give-back-to-the-community/	0	0
Alex Bruell	news	December 13, 2021 6:40 pm	One skier dies, five survive after backcountry Crystal...	https://www.mi-reporter.com/news/one-skier-dies-five-survive-after-backcountry-crystal-mountain-avalanche/	0	0
	news	December 17, 2021 3:15 pm	Snow on Christmas Eve? | King County weather...	https://www.mi-reporter.com/news/king-county-could-see-snow-this-week-weather-report-dec-14-17/	0	0
	news	December 13, 2021 5:30 pm	Ringing bells for Salvation Army donations	https://www.mi-reporter.com/news/ringing-bells-for-salvation-army-donations/	0	0
Cameron Sheppard	news	December 13, 2021 5:30 pm	Healthcare workers facing widespread burnout amid pandemic, say...	https://www.mi-reporter.com/news/healthcare-workers-facing-widespread-burnout-amid-pandemic-say-multiple-unions/	0	0
Cameron Sheppard	news	December 13, 2021 1:00 pm	King County adopts amended districting plan	https://www.mi-reporter.com/news/king-county-adopts-amended-districting-plan/	0	0
Andy Nystrom	news	December 10, 2021 1:30 pm	Flying high: Prophater becomes first MIHS female Eagle...	https://www.mi-reporter.com/news/flying-high-prophater-becomes-first-mihs-female-eagle-scout/	0	0
	news	December 10, 2021 1:30 pm	Train arrives at Mercerdale Park	https://www.mi-reporter.com/news/train-arrives-at-mercerdale-park/	0	0
Olivia Sullivan	news	December 10, 2021 1:10 pm	King County gun violence rates exceed 2020 totals	https://www.mi-reporter.com/news/king-county-gun-violence-rates-exceed-2020-totals/	0	0
	news	December 10, 2021 10:30 am	Rotary’s holiday bell-ringers	https://www.mi-reporter.com/news/rotarys-holiday-bell-ringers/	0	0
Andy Nystrom	news	December 10, 2021 10:30 am	Eagle Scout Ritchie has become a leader with...	https://www.mi-reporter.com/news/eagle-scout-ritchie-has-become-a-leader-with-troop-624/	0	0
Reporter Staff	news	December 9, 2021 5:00 pm	Resident receives threatening note demanding money | Mercer...	https://www.mi-reporter.com/news/resident-receives-threatening-note-demanding-money-mercer-island-police-blotter/	0	0
Cameron Sheppard	news	December 9, 2021 3:00 pm	Surgeon General sounds alarm on mental health in...	https://www.mi-reporter.com/news/surgeon-general-sounds-alarm-on-mental-health-in-young-people-during-pandemic/	0	0
Andy Nystrom	news	December 9, 2021 2:30 pm	City council passes resolutions of appreciation for Judge...	https://www.mi-reporter.com/news/city-council-passes-resolutions-of-appreciation-for-judge-stewart-and-mayor-wong/	0	1
Henry Stewart-Wood	news	December 9, 2021 12:20 pm	King County unemployment is down after COVID-fueled recession	https://www.mi-reporter.com/news/king-county-unemployment-is-down-after-covid-fueled-recession/	0	0
Andy Nystrom	news	December 9, 2021 10:30 am	Riot Games purchases Mercer Island office building	https://www.mi-reporter.com/news/riot-games-purchases-mercer-island-office-building/	0	0
Cameron Sheppard	news	December 8, 2021 5:05 pm	Survey data suggests how the pandemic has changed...	https://www.mi-reporter.com/news/survey-data-suggests-how-the-pandemic-has-changed-attitudes-toward-housing-in-king-county/	0	0
	news	December 8, 2021 1:30 pm	MIPA Holiday Lights route on tap for Dec....	https://www.mi-reporter.com/news/mipa-holiday-lights-route-on-tap-for-dec-15-31/	0	0
	news	December 8, 2021 1:15 pm	King County weather: Dec. 9-13	https://www.mi-reporter.com/news/king-county-weather-dec-9-13/	0	0
	news	December 8, 2021 12:30 pm	City conducts Island Crest Way corridor safety analysis...	https://www.mi-reporter.com/news/city-conducts-island-crest-way-corridor-safety-analysis-survey/	0	0
	news	December 8, 2021 11:30 am	Seattle Public Utilities plans water supply shutoff for...	https://www.mi-reporter.com/news/seattle-public-utilities-plans-water-supply-shutoff-for-overnight-dec-10/	0	0
Andy Nystrom	news	December 8, 2021 9:30 am	Action Sports Design consultant assesses Bike Skills Area	https://www.mi-reporter.com/news/action-sports-design-consultant-assesses-bike-skills-area/	0	0
	news	December 8, 2021 9:30 am	Let there be lights	https://www.mi-reporter.com/news/let-there-be-lights/	0	0
Cameron Sheppard	news	December 7, 2021 4:30 pm	King County Council approves plan for future of...	https://www.mi-reporter.com/news/king-county-council-approves-plan-for-future-of-housing-first-approach-to-homelessness/	0	0
Cameron Sheppard	news	December 7, 2021 3:30 pm	King County Council approves unique public-private partnership for...	https://www.mi-reporter.com/news/king-county-council-approves-unique-public-private-partnership-for-eastrail-project/	0	0
	news	December 7, 2021 12:30 pm	Pop-Up Holiday Book Sale on tap	https://www.mi-reporter.com/news/pop-up-holiday-book-sale-on-tap/	0	0
Henry Stewart-Wood	news	December 6, 2021 4:05 pm	King County woman among first in state to...	https://www.mi-reporter.com/news/king-county-woman-among-first-in-state-to-test-positive-for-omicron/	0	0
Henry Stewart-Wood	news	December 6, 2021 12:30 pm	Black drivers disproportionately pulled over by WSP in...	https://www.mi-reporter.com/news/black-drivers-disproportionately-pulled-over-by-wsp-in-king-pierce-counties/	0	0
Andy Nystrom	news	December 5, 2021 7:30 pm	Mercer Island community gathers for Hanukkah celebration	https://www.mi-reporter.com/news/mercer-island-community-gathers-for-hanukkah-celebration/	0	0
	news	December 3, 2021 3:30 pm	Trees aplenty at YFS lot	https://www.mi-reporter.com/news/trees-aplenty-at-yfs-lot/	0	0
Andy Nystrom	news	December 3, 2021 3:30 pm	Island Freemasons rename lodge in honor of Dean...	https://www.mi-reporter.com/news/island-freemasons-rename-lodge-in-honor-of-dean-leclare-quigley/	0	0
	news	December 3, 2021 11:30 am	School district seeks ballot measure committees	https://www.mi-reporter.com/news/school-district-seeks-ballot-measure-committees/	0	0
	news	December 3, 2021 11:30 am	Recology offers holiday cardboard recycling tips	https://www.mi-reporter.com/news/recology-offers-holiday-cardboard-recycling-tips/	0	0
	news	December 3, 2021 8:00 am	King County weather: Dec. 3-5	https://www.mi-reporter.com/news/king-county-weather-dec-3-5/	0	0
Jerry Cornfield	news	December 2, 2021 4:56 pm	Senator becomes first GOP candidate for secretary of...	https://www.mi-reporter.com/news/senator-becomes-first-gop-candidate-for-secretary-of-state/	0	0
Olivia Sullivan	news	December 2, 2021 3:01 pm	FEMA to send mobile COVID-19 vaccination unit to...	https://www.mi-reporter.com/news/fema-to-send-mobile-covid-19-vaccination-unit-to-western-washington/	0	0
Andy Nystrom	news	December 2, 2021 2:30 pm	School district opens new Pathways building for Adult...	https://www.mi-reporter.com/news/school-district-opens-new-pathways-building-for-adult-transition-program/	0	0
Henry Stewart-Wood	news	December 2, 2021 10:40 am	Washington health officials discuss response to new COVID...	https://www.mi-reporter.com/news/washington-health-officials-discuss-response-to-new-covid-variant/	0	0
Andy Nystrom	news	December 1, 2021 1:30 pm	‘She was loved not only by the teachers,...	https://www.mi-reporter.com/news/she-was-loved-not-only-by-the-teachers-but-by-all-the-students/	0	0
Cameron Sheppard	news	November 30, 2021 4:00 pm	As new COVID-19 variant looms, vaccination disparities linger...	https://www.mi-reporter.com/news/as-new-covid-19-variant-looms-vaccination-disparities-linger-in-king-county/	0	0
Reporter Staff	news	November 30, 2021 10:30 am	Four vehicles parked in resident’s driveway prowled overnight...	https://www.mi-reporter.com/news/four-vehicles-parked-in-residents-driveway-prowled-overnight-mercer-island-police-blotter/	0	0
Cameron Sheppard	news	November 29, 2021 2:00 pm	King County and Port of Seattle to collaborate...	https://www.mi-reporter.com/news/king-county-and-port-of-seattle-to-collaborate-on-waste-to-fuel-study/	0	0
	news	November 29, 2021 9:30 am	YFS Foundation opens tree lot	https://www.mi-reporter.com/news/yfs-foundation-opens-tree-lot/	0	0
	news	November 29, 2021 9:00 am	Residents are invited to online Community Climate Kickoff...	https://www.mi-reporter.com/news/residents-are-invited-to-online-community-climate-kickoff-event/	0	0
	news	November 28, 2021 10:30 am	Giving thanks to Mercer Island police	https://www.mi-reporter.com/news/giving-thanks-to-mercer-island-police/	0	0
Andy Nystrom	news	November 26, 2021 11:30 am	Youth with arthritis possesses a light, confidence and...	https://www.mi-reporter.com/news/youth-with-arthritis-possesses-a-light-confidence-and-fierceness/	0	1
Cameron Sheppard	news	November 24, 2021 1:00 pm	Department of Health announces QR code verification program...	https://www.mi-reporter.com/news/department-of-health-announces-qr-code-verification-program-to-prove-vaccination-status/	0	0
Ben Watanabe	news	November 24, 2021 10:30 am	Thanksgiving traffic forecast is heavier than pre-pandemic	https://www.mi-reporter.com/news/thanksgiving-traffic-forecast-is-heavier-than-pre-pandemic/	0	0
Andy Nystrom	news	November 24, 2021 8:30 am	Lewis connects with Islanders through cookies	https://www.mi-reporter.com/news/lewis-connects-with-islanders-through-cookies/	0	0
Andy Nystrom	news	November 23, 2021 4:00 pm	King County Elections certifies general election results	https://www.mi-reporter.com/news/king-county-elections-certifies-general-election-results/	0	1
Cameron Sheppard	news	November 23, 2021 2:30 pm	King County proposes redistricting map, asks for feedback...	https://www.mi-reporter.com/news/king-county-proposes-redistricting-map-asks-for-feedback-from-public/	0	0
Henry Stewart-Wood	news	November 23, 2021 12:30 pm	King County Executive appoints Patti Cole-Tindall as interim...	https://www.mi-reporter.com/news/king-county-executive-appoints-patti-cole-tindall-as-interim-sheriff/	0	0
Reporter Staff	news	November 22, 2021 1:30 pm	Pedestrian reportedly struck by vehicle in crosswalk	https://www.mi-reporter.com/news/pedestrian-reportedly-struck-by-vehicle-in-crosswalk/	0	0
	news	November 22, 2021 11:30 am	Mercer Island Rotarians participate in Operation Nightwatch	https://www.mi-reporter.com/news/mercer-island-rotarians-participate-in-operation-nightwatch/	0	0
Andy Nystrom	news	November 22, 2021 10:30 am	Expert reveals his findings on Island coyote activity	https://www.mi-reporter.com/news/expert-reveals-his-findings-on-island-coyote-activity/	0	0
Andy Nystrom	news	November 22, 2021 10:30 am	City council discusses diversity, equity and inclusion at...	https://www.mi-reporter.com/news/city-council-discusses-diversity-equity-and-inclusion-at-meeting/	0	0
	news	November 22, 2021 10:30 am	School district board to hold special meeting on...	https://www.mi-reporter.com/news/school-district-board-to-hold-special-meeting-on-nov-23/	0	0
Reporter Staff	news	November 19, 2021 8:30 am	Aggressive person trespassed from business | Mercer Island...	https://www.mi-reporter.com/news/aggressive-person-trespassed-from-business-mercer-island-police-blotter/	0	0
Andy Nystrom	news	November 18, 2021 3:30 pm	City council honors Mercer Island Preschool Association	https://www.mi-reporter.com/news/city-council-honors-mercer-island-preschool-association/	0	0
Andy Nystrom	news	November 18, 2021 3:30 pm	Getting to know the volunteers and staff of...	https://www.mi-reporter.com/news/getting-to-know-the-volunteers-and-staff-of-the-mercer-island-thrift-shop/	0	0
	news	November 18, 2021 1:30 pm	City will be aglow with Illuminate MI	https://www.mi-reporter.com/news/city-will-be-aglow-with-illuminate-mi/	0	0
	news	November 18, 2021 12:30 pm	VFW Post 5760 members make donation to food...	https://www.mi-reporter.com/news/vfw-post-5760-members-make-donation-to-food-pantry/	0	0
Jerry Cornfield	news	November 17, 2021 2:30 pm	Bipartisan commission fails to draw new political boundaries	https://www.mi-reporter.com/news/bipartisan-commission-fails-to-draw-new-political-boundaries/	0	0
Cameron Sheppard	news	November 17, 2021 1:08 pm	What the history of homelessness in our region...	https://www.mi-reporter.com/news/what-the-history-of-homelessness-in-our-region-can-teach-us-about-our-current-crisis/	0	0
Reporter Staff	news	November 17, 2021 11:30 am	City expands interim leadership partnership with Eastside Fire...	https://www.mi-reporter.com/news/city-expands-interim-leadership-partnership-with-eastside-fire-and-rescue/	0	0
Cameron Sheppard	news	November 16, 2021 3:00 pm	State’s richest zip codes are all in East...	https://www.mi-reporter.com/news/states-richest-zip-codes-are-all-in-east-king-county-according-to-home-value-study/	0	0
	news	November 16, 2021 1:30 pm	Stroum Jewish Community Center announces community Hanukkah celebrations	https://www.mi-reporter.com/news/stroum-jewish-community-center-announces-community-hanukkah-celebrations/	0	0
	news	November 15, 2021 1:30 pm	Asimakoupoulos to appear at It’s a Wonderful Life...	https://www.mi-reporter.com/news/asimakoupoulos-to-appear-at-its-a-wonderful-life-festival/	0	0
Andy Nystrom	news	November 12, 2021 3:30 pm	Participants discuss students’ well-being at Healthy Youth Forum	https://www.mi-reporter.com/news/participants-discuss-students-well-being-at-healthy-youth-forum/	0	0
Cameron Sheppard	news	November 12, 2021 1:30 pm	Owners of Seattle’s Island Soul rally community to...	https://www.mi-reporter.com/news/owners-of-seattles-island-soul-rally-community-to-help-open-caribbean-soul-restaurant-on-the-eastside/	0	0
Reporter Staff	news	November 12, 2021 12:00 pm	Driver arrested for DUI after nearly hitting pedestrian	https://www.mi-reporter.com/news/driver-arrested-for-dui-after-nearly-hitting-pedestrian/	0	0
	news	November 12, 2021 9:30 am	People turn out in droves for recycling collection...	https://www.mi-reporter.com/news/people-turn-out-in-droves-for-recycling-collection-event/	0	0
Andy Nystrom	news	November 11, 2021 2:30 pm	‘I just wanted peace there,’ student says after...	https://www.mi-reporter.com/news/i-just-wanted-peace-there-student-says-after-trip-to-israel/	0	0
Andy Nystrom	news	November 11, 2021 11:30 am	Mercer Island High School students take a stand...	https://www.mi-reporter.com/news/mercer-island-high-school-students-take-a-stand-against-antisemitism/	0	0
Andy Nystrom	news	November 10, 2021 1:00 pm	‘The guy was just a saint, truthfully’	https://www.mi-reporter.com/news/the-guy-was-just-a-saint-truthfully/	0	1
	news	November 9, 2021 3:30 pm	Mercer Island High School ASB launches fundraiser	https://www.mi-reporter.com/news/mercer-island-high-school-asb-launches-fundraiser/	0	0
Cameron Sheppard	news	November 9, 2021 8:30 am	King County councilmember proposes a public comment period...	https://www.mi-reporter.com/news/king-county-councilmember-proposes-a-public-comment-period-before-county-establishes-homeless-shelters/	0	0
	news	November 8, 2021 8:30 am	Stunning art installation at Mercerdale Park	https://www.mi-reporter.com/news/stunning-art-installation-at-mercerdale-park/	0	0
Andy Nystrom	news	November 6, 2021 8:30 am	Island cove could soon be named after WWII...	https://www.mi-reporter.com/news/island-cove-could-soon-be-named-after-wwii-veteran-riley/	0	0
Reporter Staff	news	November 5, 2021 12:30 pm	Residents report costumed pirate growling while trick-or-treating on...	https://www.mi-reporter.com/news/residents-report-costumed-pirate-growling-while-trick-or-treating-on-halloween-mercer-island-police-blotter/	0	0
Cameron Sheppard	news	November 4, 2021 4:30 pm	Man dubbed “the sweatpants robber” arrested by Bellevue...	https://www.mi-reporter.com/news/man-dubbed-the-sweatpants-robber-arrested-by-bellevue-police/	0	0
Andy Nystrom	news	November 4, 2021 2:30 pm	Islander King follows her dream to Kitchen &...	https://www.mi-reporter.com/news/islander-king-follows-her-dream-to-kitchen-market/	0	0
	news	November 4, 2021 10:30 am	Thrift Shop expands shopping and donation hours /...	https://www.mi-reporter.com/news/thrift-shop-expands-shopping-and-donation-hours-city-briefs/	0	0
Cameron Sheppard	news	November 3, 2021 4:00 pm	For domestic violence survivors, petitioning for a protective...	https://www.mi-reporter.com/news/for-domestic-violence-survivors-petioning-for-a-protective-order-can-be-an-uphill-battle/	0	0
	news	November 3, 2021 8:30 am	MIHS Drama Department presents ‘The Odyssey’	https://www.mi-reporter.com/news/mihs-drama-department-presents-the-odyssey/	0	0
	news	November 3, 2021 8:30 am	Volunteers are needed for vaccine clinic	https://www.mi-reporter.com/news/volunteers-are-needed-for-vaccine-clinic/	0	0
Cameron Sheppard	news	November 2, 2021 8:37 pm	Constantine leads in vote count for King County...	https://www.mi-reporter.com/news/king-county-executive-election-vote-counts/	0	0
Andy Nystrom	news	November 2, 2021 8:30 pm	Nice, Weinberg and Anderl lead races in early...	https://www.mi-reporter.com/news/nice-weinberg-and-anderl-lead-races-in-early-returns/	0	1
Andy Nystrom	news	November 2, 2021 8:30 pm	Glowitz and Lurie lead director races in early...	https://www.mi-reporter.com/news/glowitz-and-lurie-lead-director-races-in-early-results/	1	0
Cameron Sheppard	news	November 2, 2021 3:20 pm	Two Eastside high schools recognized for their collective...	https://www.mi-reporter.com/news/two-eastside-high-schools-recognized-for-their-collective-academic-success/	0	0
	news	November 2, 2021 12:30 pm	Meade’s photo graces cover of Visit Seattle magazine	https://www.mi-reporter.com/news/meades-photo-graces-cover-of-visit-seattle-magazine/	0	0
	news	November 2, 2021 11:30 am	Rotary’s ‘Planet Earth Committee’ makes a difference	https://www.mi-reporter.com/news/rotarys-planet-earth-committee-makes-a-difference/	0	0
Andy Nystrom	news	November 1, 2021 8:30 am	‘Anything that’s worth doing takes time’	https://www.mi-reporter.com/news/anything-thats-worth-doing-takes-time/	1	0
Andy Nystrom	news	November 1, 2021 8:30 am	Let there be art on the Island	https://www.mi-reporter.com/news/let-there-be-art-on-the-island/	0	0
	news	October 31, 2021 11:30 am	Trick or treating in Town Center	https://www.mi-reporter.com/news/trick-or-treating-in-town-center/	0	0
	news	October 28, 2021 3:30 pm	Correction: Oct. 27, 2021, political ad in the...	https://www.mi-reporter.com/news/correction-oct-27-2021-political-ad-in-the-mi-reporter/	0	0
Andy Nystrom	news	October 28, 2021 12:30 pm	City council approves earmarking ARPA funds for operational...	https://www.mi-reporter.com/news/city-council-approves-earmarking-arpa-funds-for-operational-needs/	0	0
	news	October 28, 2021 8:30 am	‘The Prairie of Possibilities’ coming to Mercerdale Park	https://www.mi-reporter.com/news/the-prairie-of-possibilities-coming-to-mercerdale-park/	0	0
Reporter Staff	news	October 27, 2021 4:30 pm	Officers help deal with unruly rider on Metro...	https://www.mi-reporter.com/news/officers-help-deal-with-unruly-rider-on-metro-bus-mercer-island-police-blotter/	0	0
Andy Nystrom	news	October 27, 2021 11:20 am	Election: Three city council-related complaints filed with state...	https://www.mi-reporter.com/news/election-three-city-council-related-complaints-filed-with-state-public-disclosure-commission/	0	0
	news	October 26, 2021 12:30 pm	Kilmer to speak at Mercer Island Healthy Youth...	https://www.mi-reporter.com/news/kilmer-to-speak-at-mercer-island-healthy-youth-forum/	0	0
	news	October 26, 2021 11:30 am	Bike Skills Area survey available until Nov. 4	https://www.mi-reporter.com/news/bike-skills-area-survey-available-until-nov-4/	0	0
	news	October 26, 2021 11:00 am	Island trees take the brunt of windy weather	https://www.mi-reporter.com/news/island-trees-take-the-brunt-of-windy-weather/	0	0
Cameron Sheppard	news	October 25, 2021 11:43 am	Racial disparities in bike helmet law forces decision...	https://www.mi-reporter.com/news/racial-disparities-in-bike-helmet-law-forces-decision-by-king-county-health-board/	0	0
Andy Nystrom	news	October 25, 2021 8:30 am	City council and school board hopefuls discuss equity...	https://www.mi-reporter.com/news/city-council-and-school-board-hopefuls-discuss-equity-and-inclusion-at-forums/	0	0
Andy Nystrom	news	October 25, 2021 8:30 am	School board and city council candidates weigh in...	https://www.mi-reporter.com/news/school-board-and-city-council-candidates-weigh-in-on-sustainability-survey/	0	0
	news	October 23, 2021 8:30 am	Oliver will speak at Rotary meeting on Nov....	https://www.mi-reporter.com/news/oliver-will-speak-at-rotary-meeting-on-nov-2/	0	0
	news	October 22, 2021 5:00 pm	King County seeks volunteers to serve on open...	https://www.mi-reporter.com/news/king-county-seeks-volunteers-to-serve-on-open-space-acquisition-and-protection-committee/	0	0
Andy Nystrom	news	October 22, 2021 2:30 pm	Mazure builds her House of Posie on the...	https://www.mi-reporter.com/news/mazure-builds-her-house-of-posie-on-the-island/	0	0
	news	October 21, 2021 3:30 pm	Art returns to community and event center	https://www.mi-reporter.com/news/art-returns-to-community-and-event-center/	0	0
	news	October 21, 2021 2:30 pm	Drug disposal event set for Saturday	https://www.mi-reporter.com/news/drug-disposal-event-set-for-saturday/	0	0
Andy Nystrom	news	October 20, 2021 3:30 pm	Cheever was ‘modest, brilliant, sensitive, generous’	https://www.mi-reporter.com/news/cheever-was-modest-brilliant-sensitive-generous/	0	0
Jerry Cornfield	news	October 20, 2021 2:50 pm	Rather than get vaccine, nearly 1,900 state workers...	https://www.mi-reporter.com/news/rather-than-get-vaccine-nearly-2000-state-workers-lose-jobs/	0	0
	news	October 20, 2021 8:30 am	‘The buck stops here’	https://www.mi-reporter.com/news/the-buck-stops-here/	0	0
	news	October 19, 2021 3:30 pm	MIPA to hold virtual toy swap on Nov....	https://www.mi-reporter.com/news/mipa-to-hold-virtual-toy-swap-on-nov-6/	0	0
Andy Nystrom	news	October 19, 2021 3:15 pm	Firefighters extinguish house blaze on Southeast 82nd Avenue	https://www.mi-reporter.com/news/firefighters-extinguish-house-blaze-on-southeast-82nd-avenue/	0	0
